Bereich;Artikel;Seite;Position
Trockenlager;Ahornsirup Topping;29;oben
Trockenlager;Alu-Folie 45cm;29;oben
Trockenlager;Ananasstücke;29;oben
Trockenlager;Backpulver;29;oben
Trockenlager;Balsamico 6% Aceto;29;mitte
Trockenlager;Balsamico Glace;29;mitte
Trockenlager;Bambusspieße 12cm;29;mitte
Trockenlager;Bauernwein Rot 2 Liter;29;mitte
Trockenlager;Bauernwein Weiß 2 Liter;29;mitte
Trockenlager;Bio Aceto Balsamico Modena Wiberg;29;mitte
Trockenlager;Blattgelantine;29;unten
Trockenlager;Bohnenkraut;29;unten
Trockenlager;Branntweinessig;29;unten
Trockenlager;Brennpaste;29;unten
Trockenlager;Bunte Streusel;29;unten
Trockenlager;Cashewkerne;29;unten
Trockenlager;Cayenne Pfeffer gemahlen;29;unten
Trockenlager;Chantré Weinbrand 36%;30;oben
Trockenlager;Chilies geschr. Wiberg;30;oben
Trockenlager;Chilischoten;30;oben
Trockenlager;Condimento Bianco;30;oben
Trockenlager;Croutons Kräuter;30;oben
Trockenlager;Currypulver;30;oben
Trockenlager;DIP Barbecue;30;oben
Trockenlager;DIP Salsa mild;30;mitte
Trockenlager;DIP Sweet & Sour;30;mitte
Trockenlager;Dreyer Goldbiene Honig;30;mitte
Trockenlager;Erdnüsse ungesalzen Btl. 1,0 KG;30;mitte
Trockenlager;Estragon Ds.;30;mitte
Trockenlager;Fenchelsaat;30;mitte
Trockenlager;Fettkläreinsatz MKN Gasfritteuse;30;mitte
Trockenlager;Frischhaltefolie PVC 45x300;30;mitte
Trockenlager;Frittieröl Orange Label;30;unten
Trockenlager;Fruchtpüree Erdbeer;30;unten
Trockenlager;Gemüsemais jung zart;30;unten
Trockenlager;Gewürzgurken Kühne;30;unten
Trockenlager;Gurkensalat norwe.;31;oben
Trockenlager;Hähnchengewürz Tandoori;31;oben
Trockenlager;Jalapenos Scheiben;31;oben
Trockenlager;Jodsalz port.;31;oben
Trockenlager;Kardamom ganz;31;mitte
Trockenlager;Kichererbsen;31;mitte
Trockenlager;Kidneybohnen;31;mitte
Trockenlager;Konfitüren Waffelschalen;31;mitte
Trockenlager;Kuvertüre dunkel;31;mitte
Trockenlager;Kuvertüre weiß;31;mitte
Trockenlager;Küche Divers 19%;31;mitte
Trockenlager;Kümmel ganz;31;unten
Trockenlager;Langkorn Reis;31;unten
Trockenlager;Lorbeerblätter;31;unten
Trockenlager;Majoran gerebelt;32;oben
Trockenlager;Mandeln gehobelt;32;oben
Trockenlager;Menübox Bagasse Nr. 1 (16,2 x 15,2 x 8 cm);32;oben
Trockenlager;Menübox Bagasse Nr. 3 (23,9 x 15,6 x 6,3 cm);32;oben
Trockenlager;Menübox Bagasse Nr. 5 (22,5 x 20,1 x 8,5 cm);32;mitte
Trockenlager;Muskatnuss gemahlen;32;mitte
Trockenlager;Nelken ganz;32;mitte
Trockenlager;Non Food Divers 19%;32;mitte
Trockenlager;Nutella;32;mitte
Trockenlager;Olivenöl Wiberg;32;mitte
Trockenlager;Oregano;32;mitte
Trockenlager;Palapa Jalapeno Nacho geschnit.;32;unten
Trockenlager;Palapa Tortilla Chips BBQ;32;unten
Trockenlager;Palapa Tortilla Chips Natur;32;unten
Trockenlager;Palapa Weizentortillas frisch 30cm;32;unten
Trockenlager;Paniermehl;32;unten
Trockenlager;Paprika edelsüß;32;unten
Trockenlager;Pfeffer Rosa ganz Wiberg;32;unten
Trockenlager;Pfeffer grün;33;oben
Trockenlager;Pfeffer port.;33;oben
Trockenlager;Pfeffer schwarz ganz;33;oben
Trockenlager;Pfeffer weiß gemahlen;33;oben
Trockenlager;Piment ganz;33;oben
Trockenlager;Pinienkerne 1 KG;33;mitte
Trockenlager;Puderzucker;33;mitte
Trockenlager;Rapsöl;33;mitte
Trockenlager;Ras El Hanout Wiberg;33;mitte
Trockenlager;Raspelschokolade weiß;33;mitte
Trockenlager;Rauchsalz;33;mitte
Trockenlager;Rohrzucker braun;33;mitte
Trockenlager;Safran Fäden;33;unten
Trockenlager;Sahnekapsel Isi;33;unten
Trockenlager;Salsa El Pueblo;33;unten
Trockenlager;Salzstangen port. 75g;33;unten
Trockenlager;Senfkörner;33;unten
Trockenlager;Siegelrandbeutel 150x200mm;33;unten
Trockenlager;Siegelrandbeutel 230x350mm;34;oben
Trockenlager;Spaghetti Nr.5 Barilla;34;oben
Trockenlager;Spare Ribs Gewürzsalz Wiberg;34;oben
Trockenlager;Speisesalz;34;oben
Trockenlager;Steak Pfeffer;34;oben
Trockenlager;Sternanis ganz;34;mitte
Trockenlager;Tabasco Pfeffer-Sauce;34;mitte
Trockenlager;Tabasco Pfeffer-Sauce 57ml;34;mitte
Trockenlager;Tafelessig;34;mitte
Trockenlager;Tomaten getrocknet;34;mitte
Trockenlager;Tomatenflocken Ubena;34;mitte
Trockenlager;Tomatenflocken getr. Wiberg;34;mitte
Trockenlager;Tomatenmark;34;unten
Trockenlager;Topping Schokolade;34;unten
Trockenlager;Ursalz Kräuter BIO Wiberg;34;unten
Trockenlager;Vanille Schoten gemahlen;34;unten
Trockenlager;Vanillestangen;34;unten
Trockenlager;Wacholderbeeren;35;oben
Trockenlager;Weizenmehl Type 405;35;oben
Trockenlager;Weiße Riesenbohnen;35;oben
Trockenlager;Wildreis;35;oben
Trockenlager;Zimt gemahlen;35;mitte
Trockenlager;Zitronenpfeffer Wiberg;35;mitte
Trockenlager;Zitronensaft;35;mitte
Trockenlager;Zucker;35;unten
Trockenlager;Zuckercouleur;35;unten
Trockenlager;sunflower HACK;35;unten
Trockenlager;zzz Speisestärke Mondamin;35;unten
